<?xml version="1.0" encoding="UTF-8"?>
<CustomField xmlns="http://soap.sforce.com/2006/04/metadata">
    <fullName>Coach_Type__c</fullName>
    <label>Coach_Type</label>
    <required>false</required>
    <trackHistory>false</trackHistory>
    <trackTrending>false</trackTrending>
    <type>Picklist</type>
    <valueSet>
        <restricted>true</restricted>
        <valueSetDefinition>
            <sorted>false</sorted>
            <value>
                <fullName>1st AC (1A)</fullName>
                <default>false</default>
                <label>1st AC (1A)</label>
            </value>
            <value>
                <fullName>2nd AC (2A)</fullName>
                <default>false</default>
                <label>2nd AC (2A)</label>
            </value>
            <value>
                <fullName>3rd AC (3A)</fullName>
                <default>false</default>
                <label>3rd AC (3A)</label>
            </value>
            <value>
                <fullName>Sleeper (SL)</fullName>
                <default>false</default>
                <label>Sleeper (SL)</label>
            </value>
            <value>
                <fullName>Chair Car (CC)</fullName>
                <default>false</default>
                <label>Chair Car (CC)</label>
            </value>
            <value>
                <fullName>2nd Sitting (2S)</fullName>
                <default>false</default>
                <label>2nd Sitting (2S)</label>
            </value>
        </valueSetDefinition>
    </valueSet>
</CustomField>
