<?xml version="1.0" encoding="UTF-8"?>
<CustomField xmlns="http://soap.sforce.com/2006/04/metadata">
    <fullName>Customer__c</fullName>
    <deleteConstraint>SetNull</deleteConstraint>
    <label>Customer</label>
    <referenceTo>Contact</referenceTo>
    <relationshipLabel>Bookings</relationshipLabel>
    <relationshipName>Bookings</relationshipName>
    <required>false</required>
    <trackHistory>false</trackHistory>
    <trackTrending>false</trackTrending>
    <type>Lookup</type>
</CustomField>
