<?xml version="1.0" encoding="UTF-8"?>
<CustomField xmlns="http://soap.sforce.com/2006/04/metadata">
    <fullName>Status__c</fullName>
    <defaultValue>&quot;New&quot;</defaultValue>
    <label>Status</label>
    <required>false</required>
    <trackHistory>false</trackHistory>
    <trackTrending>false</trackTrending>
    <type>Picklist</type>
    <valueSet>
        <restricted>true</restricted>
        <valueSetDefinition>
            <sorted>false</sorted>
            <value>
                <fullName>New</fullName>
                <default>false</default>
                <label>New</label>
            </value>
            <value>
                <fullName>Assigned</fullName>
                <default>false</default>
                <label>Assigned</label>
            </value>
            <value>
                <fullName>Accepted</fullName>
                <default>false</default>
                <label>Accepted</label>
            </value>
            <value>
                <fullName>In Progress</fullName>
                <default>false</default>
                <label>In Progress</label>
            </value>
            <value>
                <fullName>On Hold</fullName>
                <default>false</default>
                <label>On Hold</label>
            </value>
            <value>
                <fullName>Completed</fullName>
                <default>false</default>
                <label>Completed</label>
            </value>
            <value>
                <fullName>Rejected</fullName>
                <default>false</default>
                <label>Rejected</label>
            </value>
            <value>
                <fullName>Cancelled</fullName>
                <default>false</default>
                <label>Cancelled</label>
            </value>
        </valueSetDefinition>
    </valueSet>
</CustomField>
