<?xml version="1.0" encoding="UTF-8"?>
<CustomField xmlns="http://soap.sforce.com/2006/04/metadata">
    <fullName>Zone__c</fullName>
    <label>Zone</label>
    <required>false</required>
    <trackHistory>false</trackHistory>
    <trackTrending>false</trackTrending>
    <type>Picklist</type>
    <valueSet>
        <restricted>true</restricted>
        <valueSetDefinition>
            <sorted>false</sorted>
            <value>
                <fullName>CR</fullName>
                <default>false</default>
                <label>CR</label>
            </value>
            <value>
                <fullName>WR</fullName>
                <default>false</default>
                <label>WR</label>
            </value>
            <value>
                <fullName>NR</fullName>
                <default>false</default>
                <label>NR</label>
            </value>
            <value>
                <fullName>SR</fullName>
                <default>false</default>
                <label>SR</label>
            </value>
            <value>
                <fullName>ER</fullName>
                <default>false</default>
                <label>ER</label>
            </value>
        </valueSetDefinition>
    </valueSet>
</CustomField>
