<?xml version="1.0" encoding="UTF-8"?>
<CustomField xmlns="http://soap.sforce.com/2006/04/metadata">
    <fullName>Work_Order__c</fullName>
    <deleteConstraint>SetNull</deleteConstraint>
    <label>Related Work Order</label>
    <referenceTo>Work_Order__c</referenceTo>
    <relationshipLabel>Action Logs</relationshipLabel>
    <relationshipName>Action_Logs</relationshipName>
    <required>false</required>
    <trackHistory>false</trackHistory>
    <trackTrending>false</trackTrending>
    <type>Lookup</type>
</CustomField>
