<?xml version="1.0" encoding="UTF-8"?>
<CustomField xmlns="http://soap.sforce.com/2006/04/metadata">
    <fullName>Amenities__c</fullName>
    <label>Amenities</label>
    <required>false</required>
    <trackHistory>false</trackHistory>
    <trackTrending>false</trackTrending>
    <type>MultiselectPicklist</type>
    <valueSet>
        <restricted>true</restricted>
        <valueSetDefinition>
            <sorted>false</sorted>
            <value>
                <fullName>AC</fullName>
                <default>false</default>
                <label>AC</label>
            </value>
            <value>
                <fullName>Charging_Point</fullName>
                <default>false</default>
                <label>Charging_Point</label>
            </value>
            <value>
                <fullName>Reading_Light</fullName>
                <default>false</default>
                <label>Reading_Light</label>
            </value>
        </valueSetDefinition>
    </valueSet>
    <visibleLines>4</visibleLines>
</CustomField>
