<?xml version="1.0" encoding="UTF-8"?>
<CustomField xmlns="http://soap.sforce.com/2006/04/metadata">
    <fullName>Coach_Type__c</fullName>
    <label>Coach_Type</label>
    <required>false</required>
    <trackHistory>false</trackHistory>
    <trackTrending>false</trackTrending>
    <type>Picklist</type>
    <valueSet>
        <restricted>true</restricted>
        <valueSetDefinition>
            <sorted>false</sorted>
            <value>
                <fullName>1A</fullName>
                <default>false</default>
                <label>1A</label>
            </value>
            <value>
                <fullName>2A</fullName>
                <default>false</default>
                <label>2A</label>
            </value>
            <value>
                <fullName>3A</fullName>
                <default>false</default>
                <label>3A</label>
            </value>
            <value>
                <fullName>SL</fullName>
                <default>false</default>
                <label>SL</label>
            </value>
            <value>
                <fullName>CC</fullName>
                <default>false</default>
                <label>CC</label>
            </value>
            <value>
                <fullName>2S</fullName>
                <default>false</default>
                <label>2S</label>
            </value>
        </valueSetDefinition>
    </valueSet>
</CustomField>
