<?xml version="1.0" encoding="UTF-8"?>
<CustomField xmlns="http://soap.sforce.com/2006/04/metadata">
    <fullName>Train_Type__c</fullName>
    <label>Train_Type</label>
    <required>false</required>
    <trackHistory>false</trackHistory>
    <trackTrending>false</trackTrending>
    <type>Picklist</type>
    <valueSet>
        <restricted>true</restricted>
        <valueSetDefinition>
            <sorted>false</sorted>
            <value>
                <fullName>Express</fullName>
                <default>false</default>
                <label>Express</label>
            </value>
            <value>
                <fullName>Superfast</fullName>
                <default>false</default>
                <label>Superfast</label>
            </value>
            <value>
                <fullName>Passenger</fullName>
                <default>false</default>
                <label>Passenger</label>
            </value>
            <value>
                <fullName>Shatabdi</fullName>
                <default>false</default>
                <label>Shatabdi</label>
            </value>
            <value>
                <fullName>Rajdhani</fullName>
                <default>false</default>
                <label>Rajdhani</label>
            </value>
        </valueSetDefinition>
    </valueSet>
</CustomField>
