<?xml version="1.0" encoding="UTF-8"?>
<CustomField xmlns="http://soap.sforce.com/2006/04/metadata">
    <fullName>Allocation_Type__c</fullName>
    <label>Allocation_Type</label>
    <required>false</required>
    <trackHistory>false</trackHistory>
    <trackTrending>false</trackTrending>
    <type>Picklist</type>
    <valueSet>
        <restricted>true</restricted>
        <valueSetDefinition>
            <sorted>false</sorted>
            <value>
                <fullName>Fresh</fullName>
                <default>false</default>
                <label>Fresh</label>
            </value>
            <value>
                <fullName>Reused</fullName>
                <default>false</default>
                <label>Reused</label>
            </value>
            <value>
                <fullName>Upgraded</fullName>
                <default>false</default>
                <label>Upgraded</label>
            </value>
        </valueSetDefinition>
    </valueSet>
</CustomField>
