<?xml version="1.0" encoding="UTF-8"?>
<CustomField xmlns="http://soap.sforce.com/2006/04/metadata">
    <fullName>Journey_Segment__c</fullName>
    <deleteConstraint>SetNull</deleteConstraint>
    <label>Journey_Segment</label>
    <referenceTo>Journey_Segment__c</referenceTo>
    <relationshipLabel>Seat_Segment_Allocations</relationshipLabel>
    <relationshipName>Seat_Segment_Allocations</relationshipName>
    <required>false</required>
    <trackHistory>false</trackHistory>
    <trackTrending>false</trackTrending>
    <type>Lookup</type>
</CustomField>
