<?xml version="1.0" encoding="UTF-8"?>
<CustomField xmlns="http://soap.sforce.com/2006/04/metadata">
    <fullName>Seat__c</fullName>
    <label>Seat</label>
    <referenceTo>Seat__c</referenceTo>
    <relationshipLabel>Seat_Segment_Allocations</relationshipLabel>
    <relationshipName>Seat_Segment_Allocations</relationshipName>
    <relationshipOrder>0</relationshipOrder>
    <reparentableMasterDetail>false</reparentableMasterDetail>
    <trackHistory>false</trackHistory>
    <trackTrending>false</trackTrending>
    <type>MasterDetail</type>
    <writeRequiresMasterRead>false</writeRequiresMasterRead>
</CustomField>
