<?xml version="1.0" encoding="UTF-8"?>
<CustomField xmlns="http://soap.sforce.com/2006/04/metadata">
    <fullName>Assigned_Seat_Allocation__c</fullName>
    <deleteConstraint>SetNull</deleteConstraint>
    <label>Assigned_Seat_Allocation</label>
    <referenceTo>Seat_Segment_Allocation__c</referenceTo>
    <relationshipLabel>Passengers</relationshipLabel>
    <relationshipName>Passengers</relationshipName>
    <required>false</required>
    <trackHistory>false</trackHistory>
    <trackTrending>false</trackTrending>
    <type>Lookup</type>
</CustomField>
