<?xml version="1.0" encoding="UTF-8"?>
<CustomField xmlns="http://soap.sforce.com/2006/04/metadata">
    <fullName>Ticket_Status__c</fullName>
    <label>Ticket_Status</label>
    <required>false</required>
    <trackHistory>false</trackHistory>
    <trackTrending>false</trackTrending>
    <type>Picklist</type>
    <valueSet>
        <restricted>true</restricted>
        <valueSetDefinition>
            <sorted>false</sorted>
            <value>
                <fullName>Confirmed</fullName>
                <default>false</default>
                <label>Confirmed</label>
            </value>
            <value>
                <fullName>RAC</fullName>
                <default>false</default>
                <label>RAC</label>
            </value>
            <value>
                <fullName>Waitlisted</fullName>
                <default>false</default>
                <label>Waitlisted</label>
            </value>
        </valueSetDefinition>
    </valueSet>
</CustomField>
