<?xml version="1.0" encoding="UTF-8"?>
<CustomField xmlns="http://soap.sforce.com/2006/04/metadata">
    <fullName>Seat_Type__c</fullName>
    <label>Seat_Type</label>
    <required>false</required>
    <trackHistory>false</trackHistory>
    <trackTrending>false</trackTrending>
    <type>Picklist</type>
    <valueSet>
        <restricted>true</restricted>
        <valueSetDefinition>
            <sorted>false</sorted>
            <value>
                <fullName>Lower</fullName>
                <default>false</default>
                <label>Lower</label>
            </value>
            <value>
                <fullName>Middle</fullName>
                <default>false</default>
                <label>Middle</label>
            </value>
            <value>
                <fullName>Upper</fullName>
                <default>false</default>
                <label>Upper</label>
            </value>
            <value>
                <fullName>Side_Lower</fullName>
                <default>false</default>
                <label>Side_Lower</label>
            </value>
            <value>
                <fullName>Side_Upper</fullName>
                <default>false</default>
                <label>Side_Upper</label>
            </value>
        </valueSetDefinition>
    </valueSet>
</CustomField>
