<?xml version="1.0" encoding="UTF-8"?>
<CustomField xmlns="http://soap.sforce.com/2006/04/metadata">
    <fullName>From_Station__c</fullName>
    <deleteConstraint>SetNull</deleteConstraint>
    <label>From_Station</label>
    <referenceTo>Station__c</referenceTo>
    <relationshipLabel>Journey_Segments</relationshipLabel>
    <relationshipName>Journey_Segments</relationshipName>
    <required>false</required>
    <trackHistory>false</trackHistory>
    <trackTrending>false</trackTrending>
    <type>Lookup</type>
</CustomField>
